asset,p,d,q,order,aic,bic,llf,converged,selected_in_nb02,estimator,error,aic_rank,bic_rank
DXY,0,0,0,"(0, 0, 0)",-33137.960645152685,-33068.163247959244,16579.980322576343,False,False,pmdarima.ARIMA,,7.0,1.0
DXY,0,0,1,"(0, 0, 1)",-33139.82688712633,-33063.68427200621,16581.913443563164,True,True,pmdarima.ARIMA,,2.0,2.0
DXY,0,0,2,"(0, 0, 2)",-33138.045431552724,-33055.55759850593,16582.022715776362,True,False,pmdarima.ARIMA,,5.0,5.0
DXY,0,0,3,"(0, 0, 3)",-33137.77403160912,-33048.94098063565,16582.88701580456,True,False,pmdarima.ARIMA,,8.0,7.0
DXY,0,0,4,"(0, 0, 4)",-33135.784266678784,-33040.605997778635,16582.892133339392,True,False,pmdarima.ARIMA,,13.0,13.0
DXY,0,0,5,"(0, 0, 5)",-33133.74592164213,-33032.2224348153,16582.872960821063,True,False,pmdarima.ARIMA,,20.0,21.0
DXY,1,0,0,"(1, 0, 0)",-33139.772088382626,-33063.62947326251,16581.886044191313,True,False,pmdarima.ARIMA,,3.0,3.0
DXY,1,0,1,"(1, 0, 1)",-33138.573881164615,-33056.086048117824,16582.286940582308,True,False,pmdarima.ARIMA,,4.0,4.0
DXY,1,0,2,"(1, 0, 2)",-33136.52790770396,-33047.694856730486,16582.26395385198,True,False,pmdarima.ARIMA,,10.0,9.0
DXY,1,0,3,"(1, 0, 3)",-33135.819920305876,-33040.64165140573,16582.909960152938,True,False,pmdarima.ARIMA,,11.0,11.0
DXY,1,0,4,"(1, 0, 4)",-33135.419472495334,-33033.89598566851,16583.709736247667,True,False,pmdarima.ARIMA,,17.0,18.0
DXY,1,0,5,"(1, 0, 5)",-33133.31982582563,-33025.45112107213,16583.659912912815,True,False,pmdarima.ARIMA,,22.0,23.0
DXY,2,0,0,"(2, 0, 0)",-33137.974872298626,-33055.487039251835,16581.987436149313,True,False,pmdarima.ARIMA,,6.0,6.0
DXY,2,0,1,"(2, 0, 1)",-33131.957298083005,-33043.12424710953,16579.978649041503,True,False,pmdarima.ARIMA,,23.0,10.0
DXY,2,0,2,"(2, 0, 2)",-33135.477930218185,-33040.29966131804,16582.738965109093,True,False,pmdarima.ARIMA,,15.0,15.0
DXY,2,0,3,"(2, 0, 3)",-33133.72527384352,-33032.2017870167,16582.86263692176,True,False,pmdarima.ARIMA,,21.0,22.0
DXY,2,0,4,"(2, 0, 4)",-33142.32330965152,-33034.45460489802,16588.16165482576,True,False,pmdarima.ARIMA,,1.0,16.0
DXY,2,0,5,"(2, 0, 5)",-33128.01893671253,-33013.805014032354,16582.009468356264,True,False,pmdarima.ARIMA,,26.0,28.0
DXY,3,0,0,"(3, 0, 0)",-33137.73564667032,-33048.90259569685,16582.86782333516,True,False,pmdarima.ARIMA,,9.0,8.0
DXY,3,0,1,"(3, 0, 1)",-33135.74705973803,-33040.56879083788,16582.873529869015,True,False,pmdarima.ARIMA,,14.0,14.0
DXY,3,0,2,"(3, 0, 2)",-33135.46089015331,-33033.93740332648,16583.730445076653,True,False,pmdarima.ARIMA,,16.0,17.0
DXY,3,0,3,"(3, 0, 3)",-33125.957610131445,-33018.08890537795,16579.978805065723,True,False,pmdarima.ARIMA,,28.0,26.0
DXY,3,0,4,"(3, 0, 4)",-33123.95695817887,-33009.743035498694,16579.978479089434,True,False,pmdarima.ARIMA,,30.0,30.0
DXY,3,0,5,"(3, 0, 5)",-33121.94737130993,-33001.38823070308,16579.973685654964,True,False,pmdarima.ARIMA,,33.0,33.0
DXY,4,0,0,"(4, 0, 0)",-33135.817968103496,-33040.63969920335,16582.908984051748,True,False,pmdarima.ARIMA,,12.0,12.0
DXY,4,0,1,"(4, 0, 1)",-33133.819425646696,-33032.29593881987,16582.909712823348,True,False,pmdarima.ARIMA,,19.0,20.0
DXY,4,0,2,"(4, 0, 2)",-33125.95814630423,-33018.08944155073,16579.979073152113,True,False,pmdarima.ARIMA,,27.0,25.0
DXY,4,0,3,"(4, 0, 3)",-33123.95761315033,-33009.74369047015,16579.978806575164,False,False,pmdarima.ARIMA,,29.0,29.0
DXY,4,0,4,"(4, 0, 4)",-33121.95698682565,-33001.3978462188,16579.978493412826,True,False,pmdarima.ARIMA,,31.0,31.0
DXY,4,0,5,"(4, 0, 5)",-33119.95598537283,-32993.0516268393,16579.977992686414,True,False,pmdarima.ARIMA,,35.0,35.0
DXY,5,0,0,"(5, 0, 0)",-33133.876415522114,-33032.35292869529,16582.938207761057,True,False,pmdarima.ARIMA,,18.0,19.0
DXY,5,0,1,"(5, 0, 1)",-33131.874885990626,-33024.00618123713,16582.937442995313,False,False,pmdarima.ARIMA,,24.0,24.0
DXY,5,0,2,"(5, 0, 2)",-33130.90019497268,-33016.68627229251,16583.45009748634,True,False,pmdarima.ARIMA,,25.0,27.0
DXY,5,0,3,"(5, 0, 3)",-33121.949492634114,-33001.390352027265,16579.974746317057,False,False,pmdarima.ARIMA,,32.0,32.0
DXY,5,0,4,"(5, 0, 4)",-33119.95705644839,-32993.052697914856,16579.978528224194,True,False,pmdarima.ARIMA,,34.0,34.0
DXY,5,0,5,"(5, 0, 5)",-33117.955375356614,-32984.70579889641,16579.977687678307,True,False,pmdarima.ARIMA,,36.0,36.0
EEM,0,0,0,"(0, 0, 0)",-21751.05023617309,-21681.2632952542,10886.525118086545,True,False,pmdarima.ARIMA,,35.0,4.0
EEM,0,0,1,"(0, 0, 1)",-21753.419974219527,-21677.288765944377,10888.709987109763,False,False,pmdarima.ARIMA,,33.0,8.0
EEM,0,0,2,"(0, 0, 2)",-21765.732293072197,-21683.256817440782,10895.866146536098,False,False,pmdarima.ARIMA,,23.0,2.0
EEM,0,0,3,"(0, 0, 3)",-21767.09464293574,-21678.27489994806,10897.54732146787,False,False,pmdarima.ARIMA,,19.0,7.0
EEM,0,0,4,"(0, 0, 4)",-21772.192134819554,-21677.028124475615,10901.096067409777,False,False,pmdarima.ARIMA,,2.0,9.0
EEM,0,0,5,"(0, 0, 5)",-21771.18643143129,-21669.67815373109,10901.593215715646,False,False,pmdarima.ARIMA,,4.0,15.0
EEM,1,0,0,"(1, 0, 0)",-21751.902401279403,-21675.771193004253,10887.951200639702,False,False,pmdarima.ARIMA,,34.0,12.0
EEM,1,0,1,"(1, 0, 1)",-21768.257474046848,-21685.781998415434,10897.128737023424,False,False,pmdarima.ARIMA,,16.0,1.0
EEM,1,0,2,"(1, 0, 2)",-21770.00144420396,-21681.181701216283,10899.00072210198,True,False,pmdarima.ARIMA,,8.0,5.0
EEM,1,0,3,"(1, 0, 3)",-21765.3895674299,-21670.22555708596,10897.69478371495,False,False,pmdarima.ARIMA,,26.0,14.0
EEM,1,0,4,"(1, 0, 4)",-21772.747292282776,-21671.239014582574,10902.373646141388,False,False,pmdarima.ARIMA,,1.0,13.0
EEM,1,0,5,"(1, 0, 5)",-21769.10964912843,-21661.257104071963,10901.554824564215,False,False,pmdarima.ARIMA,,13.0,21.0
EEM,2,0,0,"(2, 0, 0)",-21760.764187598652,-21678.288711967238,10893.382093799326,True,False,pmdarima.ARIMA,,32.0,6.0
EEM,2,0,1,"(2, 0, 1)",-21770.989911321973,-21682.170168334294,10899.494955660986,False,True,pmdarima.ARIMA,,6.0,3.0
EEM,2,0,2,"(2, 0, 2)",-21717.94979108026,-21622.78578073632,10873.97489554013,True,False,pmdarima.ARIMA,,36.0,36.0
EEM,2,0,3,"(2, 0, 3)",-21768.095350262134,-21666.58707256193,10900.047675131067,False,False,pmdarima.ARIMA,,17.0,19.0
EEM,2,0,4,"(2, 0, 4)",-21771.147836190703,-21663.295291134236,10902.573918095351,False,False,pmdarima.ARIMA,,5.0,20.0
EEM,2,0,5,"(2, 0, 5)",-21769.251440788525,-21655.054628375798,10902.625720394262,False,False,pmdarima.ARIMA,,11.0,26.0
EEM,3,0,0,"(3, 0, 0)",-21765.213899978582,-21676.394156990904,10896.606949989291,False,False,pmdarima.ARIMA,,27.0,10.0
EEM,3,0,1,"(3, 0, 1)",-21763.699138199867,-21668.53512785593,10896.849569099933,False,False,pmdarima.ARIMA,,29.0,16.0
EEM,3,0,2,"(3, 0, 2)",-21760.93483294399,-21659.426555243786,10896.467416471995,False,False,pmdarima.ARIMA,,31.0,23.0
EEM,3,0,3,"(3, 0, 3)",-21762.508803201494,-21654.656258145027,10898.254401600747,True,False,pmdarima.ARIMA,,30.0,28.0
EEM,3,0,4,"(3, 0, 4)",-21768.995836371498,-21654.79902395877,10902.497918185749,False,False,pmdarima.ARIMA,,14.0,27.0
EEM,3,0,5,"(3, 0, 5)",-21766.647053797475,-21646.105974028484,10902.323526898737,False,False,pmdarima.ARIMA,,21.0,32.0
EEM,4,0,0,"(4, 0, 0)",-21771.256921978835,-21676.092911634896,10900.628460989417,True,False,pmdarima.ARIMA,,3.0,11.0
EEM,4,0,1,"(4, 0, 1)",-21769.265474469372,-21667.75719676917,10900.632737234686,False,False,pmdarima.ARIMA,,10.0,18.0
EEM,4,0,2,"(4, 0, 2)",-21765.39114382295,-21657.538598766485,10899.695571911476,False,False,pmdarima.ARIMA,,25.0,24.0
EEM,4,0,3,"(4, 0, 3)",-21770.421156996847,-21656.22434458412,10903.210578498423,False,False,pmdarima.ARIMA,,7.0,25.0
EEM,4,0,4,"(4, 0, 4)",-21766.726673107405,-21646.185593338414,10902.363336553703,False,False,pmdarima.ARIMA,,20.0,31.0
EEM,4,0,5,"(4, 0, 5)",-21768.31604121074,-21641.430694085488,10904.15802060537,False,False,pmdarima.ARIMA,,15.0,33.0
EEM,5,0,0,"(5, 0, 0)",-21769.98302906035,-21668.474751360147,10900.991514530175,False,False,pmdarima.ARIMA,,9.0,17.0
EEM,5,0,1,"(5, 0, 1)",-21767.573663150622,-21659.721118094156,10900.786831575311,False,False,pmdarima.ARIMA,,18.0,22.0
EEM,5,0,2,"(5, 0, 2)",-21765.443610813403,-21651.246798400676,10900.721805406702,False,False,pmdarima.ARIMA,,24.0,29.0
EEM,5,0,3,"(5, 0, 3)",-21769.186123948166,-21648.645044179175,10903.593061974083,False,False,pmdarima.ARIMA,,12.0,30.0
EEM,5,0,4,"(5, 0, 4)",-21763.93843297397,-21637.05308584872,10901.969216486985,True,False,pmdarima.ARIMA,,28.0,34.0
EEM,5,0,5,"(5, 0, 5)",-21766.55540988298,-21633.325795401466,10904.27770494149,False,False,pmdarima.ARIMA,,22.0,35.0
